name,key,title,location,jobType,posted,days_ago,rating,experience,salary,education,feed,link,Tools,Soft Skills,Industry Skills,description
Talent Pal,e33186f1c6ec49ee,Hardware Field Service Engineer - Varian Medical Systems,Saudi Arabia,,3 days ago,3.0,,"['8+', '70']",[],[],https://talentpal.qureos.com/jobs/4920598-hardware-field-service-engineer-varian-medical-systems,https://indeed.com/cmp/Talent-Pal,"['spark', 'powerpoint']","['communication skills', 'commitment', 'communication', 'responsible', 'professional']","['machine learning', 'technical documentation']","together, we can beat cancer. at varian, a siemens healthineers company, we bring together the world's best talent to realize our vision of a world without fear of cancer. together, we work passionately to develop and deliver easy-to-use, efficient oncology solutions. we are part of an incredible community of scientists, clinicians, developers, researchers, professionals, and skilled specialists pushing the boundaries of what’s possible, to improve people’s lives around the world. we embrace a culture of inclusivity in which the power and potential of every individual can be unleashed. we spark ideas that lead to positive impact and continued success. if you want to be part of this important mission, we want to hear from you. job description: the field service engineer (fse) is the primary contact for varian medical systems (vms) customer service and repair needs ensuring that our customers’ equipment operates efficiently at all times. the hardware fse is responsible for troubleshooting, repairing, installing, upgrading and performing preventative maintenance on all designated vms equipment according to instructions and company guidelines. each fse operates in a designated field service territory and represents vms. this requires a high level of professional communication with their team, customers, management, sales and other technical support. applicable to the oncology systems business only: position must have full access to vms client sites to perform the essential functions of this position. many vms clients require vms employees and representatives to meet certain “vendor credentialing” requirements before they will be allowed to have access to their sites. unless prohibited by law, position must meet all vendor credentialing requirements necessary to have full client access and must continue to meet those requirements during the course of vms employment in this position. this role is based in aseer region south of saudi arabia. key responsibilities: troubleshoot, diagnose, and repair all varian medical systems (vms) equipment within an assigned service territory, including preventative maintenance, installations and upgrades per vms guidelines. manage time and maintain a schedule to include preventative maintenance, installations, and upgrades as well as incoming customer calls demonstrating the ability to assess and prioritize the urgency of customer requests and follow-through to completion. understand and recognize the need to escalate incidents when necessary and/or request additional assistance from more tenured representatives. examine difficult customer issues, diagnose, and resolve the issues and meet established fse levels. maintain effective territory management and expense control which includes timely completion and submission of field service and expense reports along with management of consignment and other required documentation according vms procedures. develop and maintain strong customer relationships through the use of strong written, verbal, and interpersonal communication skills. minimum required skills and qualifications extensive understanding and wide application of technical documentation, standards, principles, concepts and techniques in the field. has substantial understanding of the job and applies knowledge and skills to complete a wide range of tasks. expert knowledge of and sound professional experience with electronic and electro-mechanical engineering, testing equipment used for verification/checkout and calibration of electronic equipment. expert knowledge of and sound professional technical experience with micro-computers/pc based systems. expert computer usage and debugging skills. expert ability to identify and repair complex software and delivery system network problems. expert at identifying and resolving complex imaging system defects. able to perform system relocations. highly proficient at diagnosing and solving complex mechanical problems, including simple vacuum leaks. able to perform vacuum system gun replacements and target replacements. may also be able to replace accelerator sled. as a skilled specialist, completes tasks in resourceful and effective ways. maintain all certification status. proficient in most advanced modalities of varian product lines applicable to vms hardware. other desired skills and knowledge: expert at defusing difficult customer situations. understands and utilizes the escalation process to sr fsr, management, nts, pse or applications required certifications and training: has completed combined beam &amp; combined imaging level 2/3 vms certification testing. has completed tb certification applicable to the oncology systems business only. meets all vendor credentialing requirements necessary to gain vms client site access, unless prohibited by law. these requirements vary by client and may include, but are not limited to: proof of valid identification (photo, driver’s license, ssn) criminal background checks drug screens immunizations (hep b, mmr, varicella, influenza, tetanus) annual tb testing healthcare trainings experience level with business tools: familiar with business tools such as: e-mail, microsoft word, excel, and powerpoint. experience with hcm (e.g., workday) or equivalent erp product and productivity software desired. minimum: hs degree or equivalent preferred: associate degree, technical /vocational training or military experience with electronics and 8+ years of related experience #li-osi varian is required to comply with all local and applicable regulations that may be associated with vaccine requirements for certain roles. fighting cancer calls for big ideas. we envision a world without fear of cancer. achieving this vision takes dedication and commitment from all of us, every single day. that's why we celebrate and value the distinctly beautiful and intersectional identities of each of our employees. we are a mirror of our patient-base, which allows us to innovate. big ideas come from everywhere, and the best ideas are fostered by our unique individual experiences. at varian, we encourage you to bring your whole self to work and believe your bold and authentic perspective will help to power more victories over cancer. #togetherwefight about us together, we can beat cancer. imagine a world without fear of cancer. we do, every day. varian medical systems is the world’s leading manufacturer of medical devices and software for treating and managing cancer. for more than 70 years, we have developed, built, and delivered innovative cancer care technologies and solutions for our clinical partners around the globe to help them treat millions of patients each year. taking an intelligent cancer care approach, we are harnessing advanced technologies like artificial intelligence, machine learning, and data analytics to advance cancer treatment and expand access to care to help patients become survivors. when you join varian, you become part of a global network of innovative and inspired minds working together across the globe. we keep the patient and our clinical partners at the center of our thinking as we power new victories in cancer care. because for cancer patients everywhere, their fight is our fight. this job has been sourced from an external job board. more jobs on https://www.qureos.com/"
Oivan Group Oy,f42d961986cbbbab,"Senior Data Engineer (Riyadh, on-site)",Riyadh,,7 days ago,7.0,,['4+'],[],"['master', 'bachelor']",https://t.gohiring.com/h/97306a38decf5be07d89596330b42789befc5fad2e22bf15f03dfbc9d47f4c1a?source=Indeed,https://indeed.com/cmp/Oivan-Group-Oy,"['cloud', 'scala', 'python', 'kafka', 'hadoop', 'azure', 'aws', 'gcp', 'spark', 'java', 'nosql', 'sql']","['focus', 'passion', 'communication', 'problem-solving', 'design', 'mentorship', 'attention to detail', 'integrity', 'teamwork']","['problem-solving skills', 'machine learning', 'cloud', 'data pipelines']","what we need we are looking for a senior data engineer to join our growing team. the ideal candidate will have extensive experience in data engineering, a passion for building robust data pipelines, and the ability to work collaboratively in a fast-paced environment. this role involves working closely with various teams to ensure data is efficiently prepared and processed for ai model development. what you'll do design, develop, and maintain scalable data pipelines to support ai model development. implement data solutions to handle large volumes of structured and unstructured data, including videos, audio, images, and text. collaborate with ai researchers, machine learning engineers, and software engineers to ensure data is available and ready for model training. ensure data quality, integrity, and security throughout the data lifecycle. optimize data processing workflows for performance and scalability. provide technical guidance and mentorship to junior data engineers. keep up to date with industry trends and best practices in data engineering and ai model development. what you have bachelor's or master's degree in computer science, data engineering, or a related field. 4+ years of experience in data engineering with a focus on building data pipelines. proficiency in data processing technologies such as apache spark, kafka, hadoop, and cloud platforms (aws, gcp, azure). strong programming skills in python, java, go, or scala. experience with sql and nosql databases. demonstrated ability to work on large-scale data projects and deliver results. excellent problem-solving skills and attention to detail. strong communication and teamwork skills. what we offer an international workforce to learn from and grow with – we have a diverse, multicultural workforce with nordic values a fair compensation package and a considerable annual leave of 25 days per annum. we support our staff to be with family at the most important time. partners with a newborn baby can have additional holidays. medical insurance depending on agreement opportunities for growth and enrichment through grow with oivan, our internal learning and development departments line devices mac or pc within a fixed company budget team building activities, movie nights, events who we are pdpl statement by submitting your application and cv, you give us consent to handle and store your personal information in our information systems according to the saudi arabian personal data protection law. this information will be processed in line with the legal requirements and in accordance with the principles of data privacy and protection."
Varian Medical Systems,51656eef32617464,OIS Software Engineer,Saudi Arabia,Full-time,9 days ago,9.0,3.8,"['7-8', '70']",[],['bachelor'],https://onehealthineers.wd3.myworkdayjobs.com/en-US/externalonehealthineers/job/Remote---Saudi-Arabia/OIS-Software-Engineer_R-24581-2,"https://indeed.com/cmp/Varian,-A-Siemens-Healthineers-Company-1",['spark'],"['verbal communication', 'communication skills', 'commitment', 'passion', 'time management', 'communication', 'responsible', 'flexibility', 'professional', 'analytical skills', 'interpersonal skills']",['machine learning'],"together, we can beat cancer. at varian, a siemens healthineers company, we bring together the world's best talent to realize our vision of a world without fear of cancer. together, we work passionately to develop and deliver easy-to-use, efficient oncology solutions. we are part of an incredible community of scientists, clinicians, developers, researchers, professionals, and skilled specialists pushing the boundaries of what’s possible, to improve people’s lives around the world. we embrace a culture of inclusivity in which the power and potential of every individual can be unleashed. we spark ideas that lead to positive impact and continued success. if you want to be part of this important mission, we want to hear from you. job description: the field service engineer (fse) is the primary contact for varian medical systems (vms) customers servicing and repairs needs ensuring that our customers’ equipment operates efficiently at all times. the software fse is responsible for troubleshooting, repairs, installs, upgrades and performing preventative maintenance on all vms equipment according to instructions and company guidelines. each fse operates in a designated field service territory and represents vms which requires a high level of professional communication with their team, customers, management, sales and other technical support. applicable to the oncology systems business only: position must have full access to vms client sites to perform the essential functions of this position. many vms clients require vms employees and representatives to meet certain “vendor credentialing” requirements before they will be allowed to have access to their sites. unless prohibited by law, position must meet all vendor credentialing requirements necessary to have full client access and must continue to meet those requirements during the course of vms employment in this position. this role is based in riyadh, saudi arabia. key responsibilities: troubleshoot, diagnose and repair all varian medical systems (vms) equipment within an assigned service territory, including preventative maintenance, installations and upgrades per vms guidelines. maintain a schedule to include preventative maintenance installations and upgrades as well as incoming customer calls. be able to assess urgency of customer request and follow-through to completion. understand and recognize the need to escalate incidents when necessary or request additional assistance from more tenured representatives. examine difficult customer issues, diagnose and resolve the issues and meet established customer service levels. maintain effective territory management and expense control which includes timely completion and submission of field service reports and other required documentation according vms procedures. develop and maintain strong customer relationships through the use of strong written and verbal communication skills. minimum required skills and qualifications holds a successful completed bachelor university degree, (biomedical engineer, electronic engineer, or relevant studies…). flexibility and willingness to travel outside riyadh. outstanding communication and interpersonal skills. fluency in both arabic and english language (both spoken and written). meticulous, detail orientated, highly responsible with a positive work attitude. self-driven, flexible, and thrives on challenges. technical and analytical skills, with experience of field services. be able to interpret customer concerns and translate to machine issue. be able to understand and utilize the escalation process to senior fse, management, global technical support (gts), product support engineering (pse). uses acquired job skills and company policies to complete assigned tasks. proven work experience of minimum 7-8 years at similar position. capable of performing routine maintenance such as follow ups, planned service and minor technical bulletins. customer focused attitude strong time management &amp; organizational skills a passion for making a difference in the lives of cancer patients by ensuring that systems meet maximum uptime and perform safely and effectively. #li-osi varian is required to comply with all local and applicable regulations that may be associated with vaccine requirements for certain roles. fighting cancer calls for big ideas. we envision a world without fear of cancer. achieving this vision takes dedication and commitment from all of us, every single day. that's why we celebrate and value the distinctly beautiful and intersectional identities of each of our employees. we are a mirror of our patient-base, which allows us to innovate. big ideas come from everywhere, and the best ideas are fostered by our unique individual experiences. at varian, we encourage you to bring your whole self to work and believe your bold and authentic perspective will help to power more victories over cancer. #togetherwefight about us together, we can beat cancer. imagine a world without fear of cancer. we do, every day. varian medical systems is the world’s leading manufacturer of medical devices and software for treating and managing cancer. for more than 70 years, we have developed, built, and delivered innovative cancer care technologies and solutions for our clinical partners around the globe to help them treat millions of patients each year. taking an intelligent cancer care approach, we are harnessing advanced technologies like artificial intelligence, machine learning, and data analytics to advance cancer treatment and expand access to care to help patients become survivors. when you join varian, you become part of a global network of innovative and inspired minds working together across the globe. we keep the patient and our clinical partners at the center of our thinking as we power new victories in cancer care. because for cancer patients everywhere, their fight is our fight."
IBM,f6ba301119abe453,DevOps Engineer,Riyadh,,15 days ago,15.0,3.9,['3-7'],[],[],https://click.appcast.io/track/kdhutpv-org?cs=hqw,https://indeed.com/cmp/IBM,"['kubernetes', 'terraform', 'cloud', 'ci/cd', 'azure', 'aws', 'jenkins']","['communication', 'problem-solving', 'responsible', 'professional', 'confidence', 'collaboration', 'resilient', 'design']","['kubernetes', 'cloud', 'scripting', 'ci/cd', 'machine learning', 'devops']","introduction at ibm, work is more than a job - it's a calling: to build. to design. to code. to consult. to think along with clients and sell. to make markets. to invent. to collaborate. not just to do something better, but to attempt things you've never thought possible. are you ready to lead in this new era of technology and solve some of the world's most challenging problems? if so, lets talk. machine learning and ai are increasingly powering applications across organizations like financial institutions, healthcare, government etc. in order for ai to be successful and help improve our lives, it must be trustworthy by providing transparency and be explainable. organizations are recognizing the importance of a holistic approach to governed data and ai technology in order to manger risk and regulations and to safeguard their brand reputations. at ibm we are helping people and organizations adopt ai responsibly. watsonx governance is an enterprise-grade toolkit to accelerate responsible, transparent and explainable ai workflows. we enable organizations to comply with regulations, demonstrate strong model governance and mitigate business risk using an integrated and transparent approach. who you are: software developers at ibm are the backbone of our strategic initiatives to design, code, test, and provide industry-leading solutions that make the world run today - planes and trains take off on time, bank transactions complete in the blink of an eye and the world remains safe because of the work our software developers do. whether you are working on projects internally or for a client, software development is critical to the success of ibm and our clients worldwide. at ibm, you will use the latest software development tools, techniques and approaches and work with leading minds in the industry to build solutions you can be proud of. your role and responsibilities design, implement, and maintain robust ci/cd pipelines using jenkins, integrating with tools like maven or gradle. manage and orchestrate containerized applications using kubernetes, including deployment, scaling, and troubleshooting. collaborate with development teams to automate and streamline the build, test, and release processes. execute and oversee deployments and production releases, ensuring smooth transitions and minimal downtime. ensure the availability, scalability, and performance of applications running on kubernetes clusters. implement and manage infrastructure as code (iac) practices for cloud environments. monitor and troubleshoot application and infrastructure performance issues. participate in incident response and resolution. stay updated on latest devops tools and best practices. required technical and professional expertise 3-7 years of hands-on experience in devops engineering. strong proficiency in jenkins, shell scripting, and either maven or gradle. solid understanding of kubernetes concepts and hands-on experience in managing kubernetes clusters. demonstrated ability to set up and configure kubernetes clusters from scratch. expertise in at least one major cloud provider: ibm cloud, aws, or azure. practical experience implementing and managing ci/cd pipelines. experience in executing and troubleshooting deployments and production releases. preferred technical and professional expertise familiarity with red hat openshift. experience with infrastructure as code (iac) tools like terraform. knowledge of container security and best practices. strong problem-solving and troubleshooting skills. excellent communication and collaboration abilities about business unitibm software infuses core business operations with intelligence—from machine learning to generative ai—to help make organizations more responsive, productive, and resilient. ibm software helps clients put ai into action now to create real value with trust, speed, and confidence across digital labor, it automation, application modernization, security, and sustainability. critical to this is the ability to make use of all data, because ai is only as good as the data that fuels it. in most organizations data is spread across multiple clouds, on premises, in private datacenters, and at the edge. ibm’s ai and data platform scales and accelerates the impact of ai with trusted data, and provides leading capabilities to train, tune and deploy ai across business. ibm’s hybrid cloud platform is one of the most comprehensive and consistent approach to development, security, and operations across hybrid environments—a flexible foundation for leveraging data, wherever it resides, to extend ai deep into a business. your life @ ibm about ibm location statementfor additional information about location requirements, please discuss with the recruiter following submission of your application. being you @ ibmibm is committed to creating a diverse environment and is proud to be an equal-opportunity employer. all qualified applicants will receive consideration for employment without regard to race, color, religion, sex, gender, gender identity or expression, sexual orientation, national origin, caste, genetics, pregnancy, disability, neurodivergence, age, veteran status, or other characteristics. ibm is also committed to compliance with all fair employment practices regarding citizenship and immigration status."
Lucidya,79bba02a720900b3,Software Engineer - Backend (Jeddah Office),Jeddah,Full-time,23 days ago,23.0,,['3'],[],['master'],https://apply.workable.com/j/028635E448,https://indeed.com/cmp/Lucidya,"['python', 'cassandra', 'nosql', 'sql']","['innovation', 'responsible', 'problem-solving', 'planning', 'design']","['big data', 'machine learning', 'database design', 'devops']","you will join a team of highly qualified team engineers to continue the innovation and development of our product which uses machine learning &amp; big data technologies to analyze content from several data sources. as a backend developer, you will be responsible for designing, developing, and maintaining the backend systems of lucidya's product. you will work with technologies such as redis, postgres, and cassandra, and develop apis using python and ruby on rails. you will work directly under the engineering manager in an agile yet demanding environment. we expect you to be a fast learner and quickly adapt to the technologies mentioned above. lucidya offers a result-driven, fun, and dynamic environment full of challenges. we are looking for talented candidates with strong programming skills. key tasks &amp; responsibilities rapidly develop scalable, flexible, and high-performance backend systems. design, develop, test, deploy, maintain, and improve software (backends and databases, in particular). manage individual project priorities, deadlines, and deliverables. handle devops tasks. contribute to the growth of lucidya through interviewing, onboarding, or other recruitment efforts. requirements ba/bs or master's degree in computer science, software engineering, it or equivalent practical experience. at least 3 years of experience in software development. strong knowledge of sql and nosql databases such as redis, postgres or cassandra. fluency in python or ruby on rails. knowledge of web servers and web application servers (e.g., apache, jetty, tomcat, iis). knowledge of code repositories like git. ability to multitask and adapt to shifting priorities, demands, and tight timelines. database design skills. experience in building high-quality code. excellent organizational skills and proven analytical, planning, and problem-solving abilities. full-stack development with a background in reactjs is a plus."
TechTalent,e29c9fdadc01dea7,AI Business Analyst - Arabic Speaker,Riyadh,"Full-time, Contract",24 days ago,24.0,,[],[],['bachelor'],http://sa.indeed.com/job/ai-business-analyst-arabic-speaker-e29c9fdadc01dea7,https://indeed.com/cmp/Techtalent,[],"['analysis', 'project management', 'communication', 'problem-solving', 'research', 'interpersonal skills']","['machine learning', 'project management']","job description: we are seeking an ai business analyst who will bridge the gap between business needs and ai solutions. the ideal candidate will have a strong understanding of ai and machine learning technologies and be able to translate business requirements into technical specifications. the ai business analyst will work closely with ai engineers, data scientists, and stakeholders to ensure the successful implementation of ai projects. key responsibilities: gather and analyze business requirements to identify ai opportunities. collaborate with ai engineers and data scientists to define project scope and deliverables. translate business needs into technical specifications for ai model development. conduct market research and competitive analysis to inform ai strategies. monitor ai project progress and ensure alignment with business goals. communicate project updates to stakeholders and manage expectations. qualifications: bachelor's degree in business, computer science, or a related field. strong understanding of ai and machine learning technologies. experience in business analysis, project management, or a similar role. excellent communication and interpersonal skills. ability to work cross-functionally with technical and non-technical teams. strong analytical and problem-solving abilities. job types: full-time, contractcontract length: 12 months application question(s): are you a native arabic speaker? can you travel to ksa as and when needed? what is your notice period?"
TechTalent,500091bc189906f7,AI Engineer - Arabic Speaker,Riyadh,"Full-time, Contract",24 days ago,24.0,,[],[],"['master', 'bachelor']",http://sa.indeed.com/job/ai-engineer-arabic-speaker-500091bc189906f7,https://indeed.com/cmp/Techtalent,"['python', 'tensorflow', 'keras', 'scikit-learn']","['responsible', 'problem-solving', 'analysis']","['data wrangling', 'machine learning', 'data analysis', 'natural language processing', 'problem-solving skills', 'data cleaning', 'nlp']","job description: we are seeking a skilled ai engineer to join our innovative team. the ideal candidate will have a strong background in ai and machine learning, with experience in building and deploying models, particularly those related to computer vision and natural language processing (nlp). the ai engineer will be responsible for developing and optimizing ai models, integrating them into existing systems, and ensuring their scalability and performance. key responsibilities: develop, train, and optimize machine learning models using tensorflow, keras, and scikit-learn. conduct data cleaning and data wrangling to prepare datasets for model training. implement and fine-tune neural networks (nn) for various applications, including computer vision (cv) and nlp. train models on gpu to enhance performance and reduce processing time. utilize opencv for computer vision tasks and implement image processing algorithms. perform exploratory data analysis (eda) to identify patterns and insights from data. build and maintain apis for model integration into applications. develop and manage model pipelines to ensure smooth workflow from development to deployment. apply object-oriented programming (oop) principles and data structure knowledge in model development. qualifications: bachelor's or master's degree in computer science, engineering, or a related field. proficient in python programming with a deep understanding of data structures and algorithms. experience with tensorflow, keras, scikit-learn, and other machine learning libraries. strong knowledge of nlp, computer vision, and neural networks. experience with gpu training and optimization techniques. familiarity with data cleaning, data wrangling, and eda techniques. excellent problem-solving skills and the ability to work in a team-oriented environment. job types: full-time, contractcontract length: 12 months application question(s): are you a native arabic speaker? can you travel to ksa as and when needed? what is your notice period?"
IBM,70b8dcfbcba4e5b1,Brand Technical Specialist – Super iPaaS,Riyadh,,26 days ago,26.0,3.9,"['4+', '3+']",[],[],https://click.appcast.io/track/k9wqc5r-org?cs=hqw,https://indeed.com/cmp/IBM,"['kubernetes', 'cloud', 'docker', 'python', 'azure', 'aws', 'gcp', 'soap', 'java']","['innovation', 'communication skills', 'passion', 'communication', 'responsible', 'insight', 'collaborative', 'professional', 'confidence', 'responsibility', 'resilient', 'design']","['kubernetes', 'transform', 'machine learning', 'cloud']","introduction a technology sales engineer role (what we internally call a, 'brand technical specialist') within automation means working for a leader in ai-powered products. envision helping clients create a world with less repetitive work and more innovative decisions. less unplanned downtime and more proactive insight. and less waiting on systems… so that their employees can invest more time on the work they love. join us and co-create with clients on solutions that makes people more productive and improves business performance, so that they can change the world at a scale not previously possible. excellent onboarding and an industry leading learning culture will set you up for positive impact and success, whilst ongoing development will advance your career through an upward trajectory. our sales environment is collaborative and experiential. part of a team, you'll be surrounded by bright minds and keen co-creators – always willing to help and be helped – as you apply passion to work that will compel our clients to invest in ibm's products and services. your role and responsibilities as a brand technical specialist, you'll work closely with clients to develop relationships, understand their needs, earn their trust and show them how ibm's industry leading solutions will solve their problems whilst delivering value to their business. your primary responsibilities will include: client strategy development: create strategic plans for clients, focusing on infrastructure, applications, and automation solutions. ibm automation solution design: define practical ibm automation solutions that enhance existing technology stacks. proof of concept delivery: provide proof of concepts and simplifying technical concepts to ensure client comprehension. building credibility and trust: establish credibility and trust with clients, which is essential for closing complex technology deals. required technical and professional expertise change business goals into technical solutions: translating business objectives into technical solutions and offering guidance on technology strategies. interpersonal and communication skills: exceptional interpersonal and communication skills, with a proven record of influencing a wide range of stakeholders. fluent in french and english 4+ years practical architecture and design with integration, b2b &amp; api technologies. competency in various languages (e.g. java, c/c++, node.js, python, r, swift, .net) and knowledge of j2ee. 3+ years in consulting management role including, business development, mentoring, technology solutions development and relationship management. experience with business infrastructure concepts and technologies (api, soa, microservices, esb, soap/rest, docker, kubernetes, vmware, azure, gcp, aws) preferred technical and professional expertise automation market expertise: demonstrating expertise in the automation market and establishing trust as a valued advisor for clients (training on ibm's automation offerings will be provided). about business unitibm software infuses core business operations with intelligence—from machine learning to generative ai—to help make organizations more responsive, productive, and resilient. ibm software helps clients put ai into action now to create real value with trust, speed, and confidence across digital labor, it automation, application modernization, security, and sustainability. critical to this is the ability to make use of all data, because ai is only as good as the data that fuels it. in most organizations data is spread across multiple clouds, on premises, in private datacenters, and at the edge. ibm’s ai and data platform scales and accelerates the impact of ai with trusted data, and provides leading capabilities to train, tune and deploy ai across business. ibm’s hybrid cloud platform is one of the most comprehensive and consistent approach to development, security, and operations across hybrid environments—a flexible foundation for leveraging data, wherever it resides, to extend ai deep into a business. your life @ ibmin a world where technology never stands still, we understand that, dedication to our clients success, innovation that matters, and trust and personal responsibility in all our relationships, lives in what we do as ibmers as we strive to be the catalyst that makes the world work better. being an ibmer means you’ll be able to learn and develop yourself and your career, you’ll be encouraged to be courageous and experiment everyday, all whilst having continuous trust and support in an environment where everyone can thrive whatever their personal or professional background. our ibmers are growth minded, always staying curious, open to feedback and learning new information and skills to constantly transform themselves and our company. they are trusted to provide on-going feedback to help other ibmers grow, as well as collaborate with colleagues keeping in mind a team focused approach to include different perspectives to drive exceptional outcomes for our customers. the courage our ibmers have to make critical decisions everyday is essential to ibm becoming the catalyst for progress, always embracing challenges with resources they have to hand, a can-do attitude and always striving for an outcome focused approach within everything that they do. are you ready to be an ibmer? about ibmibm's greatest invention is the ibmer. we believe that through the application of intelligence, reason and science, we can improve business, society and the human condition, bringing the power of an open hybrid cloud and ai strategy to life for our clients and partners around the world. restlessly reinventing since 1911, we are not only one of the largest corporate organizations in the world, we’re also one of the biggest technology and consulting employers, with many of the fortune 50 companies relying on the ibm cloud to run their business. at ibm, we pride ourselves on being an early adopter of artificial intelligence, quantum computing and blockchain. now it’s time for you to join us on our journey to being a responsible technology innovator and a force for good in the world. location statementfor additional information about location requirements, please discuss with the recruiter following submission of your application. being you @ ibmibm is committed to creating a diverse environment and is proud to be an equal-opportunity employer. all qualified applicants will receive consideration for employment without regard to race, color, religion, sex, gender, gender identity or expression, sexual orientation, national origin, caste, genetics, pregnancy, disability, neurodivergence, age, veteran status, or other characteristics. ibm is also committed to compliance with all fair employment practices regarding citizenship and immigration status."
Arabic Computer Systems,71262cd70810e49b,Data Engineer,Riyadh,,30+ days ago,30.0,3.3,[],[],[],https://apply.workable.com/j/F7D393A165,https://indeed.com/cmp/Arabic-Computer-Systems,"['python', 'java', 'sql']","['analytical skills', 'design']","['transform', 'data mining', 'database design']","we are looking for a data engineer to join our team. you will use various methods to transform raw data into useful data systems. overall, you’ll strive for efficiency by aligning data systems with business goals. to succeed in this data engineering position, you should have strong analytical skills and the ability to combine data from different sources. data engineer skills also include familiarity with several programming languages and knowledge of learning machine methods. if you are detail-oriented, with excellent organizational skills, we’d like to hear from you. responsibilities analyze and organize raw data build data systems and pipelines evaluate business needs and objectives interpret trends and patterns prepare data for prescriptive and predictive modeling combine raw information from different sources explore ways to enhance data quality and reliability identify opportunities for data acquisition collaborate with data scientists and architects on several projects requirements technical expertise with data models, data mining, and segmentation techniques knowledge of programming languages (e.g. java, python) hands-on experience with sql database design great numerical and analytical skills degree in computer science, it, or similar field benefits private health insurance training &amp; development paid time off"
Rieckermann,5381d795abde1be7,SERVICE ENGINEER,Jeddah,Full-time,30+ days ago,30.0,4.6,['5'],[],[],https://rieckermann.com/wp-content/uploads/2024/03/rieckermann-job-ads-me2402-service-engineer.pdf,https://indeed.com/cmp/Rieckermann,[],"['motivated', 'commitment', 'organization', 'professional']",[],"service engineer we at rieckermann saudi arabia are on an exciting journey of growth and are looking for a motivated service engineer to join our team and help us achieve our vision to become “your first choice industrial solution provider”. at rieckermann, our employees are our most precious asset. we embrace the values quality, commitment and trust, which our colleagues and customers can appreciate in their rieckermann experience. we welcome ideas and innovative processes that can help us drive our organization further, and encourage learning and growth for your continuous professional development. we look forward to having you in the rieckermann family! key duties key requirements  must be familiar with various industrial machineries (i.e. food and  degree in mechatronics engineering beverage processing, bakery, and plastic)  with more than 5 years of professional experience in  must be able to understand and analyze pneumatic, hydraulic, electrical industrial machinery, service and maintenance schematic diagrams, layouts and process and instrumentation diagrams  applicants from ksa must have a valid saudi engineering  must be able to execute the given task in an efficient manner council certificate  must be able to do the assembly, inspection and testing of machines  fluent in english language (speaking, reading and writing)  must oversee the repair of each machine and inspection of its  strong communications and inter-personal skills coupled with components ability to manage personnel on site  must prepare service report after every job completion  excellent computer and technical reporting skills  must ensure all service jobs are completed on time  willingness to travel as needed  must liaise with suppliers/spare parts suppliers on timely basis or as required  must be able to orient and train customers on the use of machines  must be able to provide after sales technical support to customers rieckermann is a privately-owned group of companies providing international industrial solutions. we have more than 750 employees at 24 offices in 17 countries spanning europe, asia and the middle east. we have been in business since 1892 and have established ourselves as a leading provider in our core markets and industries. our service portfolio covers the entire value chain and scope of industrial plant development in various industry sectors: from single unit machines and equipment to complete production lines. we deliver high quality, tailor-made solutions in engineering operations, process technologies and technical services. for more information, please visit www.rieckermann.com if you would like to grow with us, please apply by sending your resume to cv.middleast@rieckermann.com me2402 rieckermann services ltd 5th floor, no. 506, arabian business center, king abdullah road northeast of tareq bin ziad roundabout, al ruwais district, p.o. box 7067, jeddah 21462 disclaimer: your information will be used solely for your job application. by sending your cv to us, you agree that your personal data shall be processed by us for the abovementioned purpose. in the event that you wish to remove your personal particulars from our system in the future, please email us via the abovementioned email address. scan to visit career page www.rieckermann.com"
PASQAL,32f826126fc1b004,Senior Sales Executive Middle East,Thuwal,,30+ days ago,30.0,,['7'],[],['master'],https://careers.pasqal.com/jobs/3471710-senior-sales-executive-middle-east,https://indeed.com/cmp/Pasqal,[],"['communication skills', 'analysis', 'communication', 'creativity', 'responsible', 'leadership', 'planning', 'negotiation', 'professional', 'collaboration', 'design']",['machine learning'],"about pasqal pasqal designs and develops quantum processing units (qpus) and associated software tools. our innovative technology enables us to address use cases that are currently beyond the reach of the most powerful supercomputers; these cases can concern industrial application challenges as well as fundamental science needs. in addition to the exceptional computing power they provide, qpus are highly energy efficient and will contribute to a significant reduction in the carbon footprint of the hpc industry. job description we are building a team of quantum computing enthusiasts dedicated to promoting pasqal technology and educating the market about the power of neutral atom quantum computing in middle east. as senior sales executive middle east, you will drive the sales process from planning to close while managing and overseeing sales and technical operations in middle east from saudi arabia. you will lead business-to-business strategies and deliver value to existing and potential customers. you will be responsible for opening new markets and increasing sales in europe. working closely with our global sales team, you will contribute to pasqal's mission to unlock the potential of quantum computing and enable end users to accelerate their applications. location : ideally based in riyadh. duties: achieve and meet/exceed annual sales targets on assigned territory and accounts. develop and implement b2b sales strategies and strategic growth plans for middle east. establish and maintain long-term relationships with existing and potential customers.develop tactics to deepen relationships and increase their annual spend on pasqal products and services. communicate our unique value proposition to technical and non-technical audiences. participate in the full end-to-end sales lifecycle for the assigned region. conduct market and competitive analysis in the field of quantum computing. prospect and engage with potential new customers in targeted verticals across europe via events, conferences, email, telephone and video calls. participate and present pasqal products and services at industry relevant events, including managing the pasqal stand at conferences. create and communicate sales targets and regularly report progress against these targets to the senior management team. work closely with the rest of the sales team (cco, content marketing, product marketing/go-to-market, content management and business development managers in other regions) and pasqal r&amp;d teams. work with the marketing team to create and update marketing materials to communicate effectively with the middle east and saudi markets. you will keep abreast of new products/services and new pricing/payment plans. you will be responsible for implementing the company's sustainable development policy. reporting to the vp sales on sales results (weekly/monthly/quarterly). this list of tasks is not exhaustive. lead government relations, regulatory approvals and policy to enable pasqal’s smooth entry and expansion in the area. identify risks and issues related to regional operations and determine effective mitigation approaches. guide marketing, branding and pr in collaboration with the hq to establish pasqal positioning and visibility in saudi arabia. represent the company at conferences and events across the region. in collaboration with pasqal’s hq, follow all the steps for a smooth and effective qpu deployment by 2025 in saudi arabia. about you master's degree or equivalent in commerce/business 7 years' experience in sales/business development in the technical hardware/software sector, ideally deep-tech proven experience in leading the end-to-end sales process and selling complex enterprise solutions with strong arguments to potential customers in-depth knowledge of the european quantum computing industry and market is essential. successful experience with external customers excellent negotiation, listening and communication skills ability to communicate, present and influence all levels of the organisation, including c-levels and management, and to forge strong and lasting relationships to secure future sales experience of managing a national technical sales team experience of preparing sales contracts whilst ensuring compliance with statutory rules and guidelines. motivation, leadership, team spirit, ambition, creativity ability and willingness to wear many hats in a fast-paced, constantly evolving start-up environment english: a perfect command of professional english is essential (written and spoken). knowledge or interest of quantum computing or a related field (physics, engineering, computer science, quantum machine learning, etc.) experience in a start-up (really nice to have) about us french tech 2030 laureate. enabled by nobel prize-winning technology. a team made of scientists, quantum engineers as well as deeptech enthusiasts ;). in direct competition with the world's biggest players (google - microsoft - ibm - amazon...). 130 million euros raised. our business pasqal have a full-stack approach, they design quantum processors (qpus: quantum processing units) and develop the associated software. qpus are highly energy-efficient, and will help to significantly reduce the carbon footprint of the hpc industry. we handle use cases for our customers that are currently beyond the reach of the most powerful supercomputers. recruitment process an interview with our talent acquisition specialist of 45'. a take home assignment to assess your strategic mindset and management exeprience an exchange with the hiring manager, our cco an exchange with a peer an exchange with a member of the executive team an exchange with our ceo an offer! pasqal is an equal opportunity employer. we are committed to creating a diverse and inclusive workplace, as inclusion and diversity are essential to achieving our mission. we encourage applications from all qualified candidates, regardless of gender, ethnicity, age, religion or sexual orientation."
Müller`s Solutions,cd09c9f63c7c5cdd,AI / Computer Vision ENGINEER,Riyadh,Full-time,30+ days ago,30.0,,[],[],['bachelor'],https://apply.workable.com/j/D701C8D433,https://indeed.com/cmp/Muller's-Solutions,"['python', 'nosql', 'sql']","['ownership', 'communication', 'problem-solving', 'collaboration', 'analytical skills', 'design']",['machine learning'],"as an ai / computer vision engineer at müller's solutions, you will have the opportunity to work on cutting-edge projects that leverage artificial intelligence and computer vision technologies. you will collaborate with cross-functional teams to develop innovative solutions that solve complex business challenges using ai and computer vision algorithms and techniques. responsibilities: design and develop ai and computer vision solutions for various industries and use cases. implement and optimize computer vision algorithms for object detection, image recognition, and image segmentation. train and fine-tune machine learning models using large datasets. collect and preprocess data for training and validation purposes. integrate ai and computer vision solutions into existing systems and platforms. perform testing and debugging of ai and computer vision models and systems. stay current with the latest advancements in ai and computer vision technologies. building computer vision ai models including all pre-processing and post- processing ownership of the entire solution daily updates knowledge sharing requirements requirements: bachelor's degree in computer science, engineering, or a related field. proven experience in ai and computer vision development. hands on python and databases( sql and nosql), open cv comfortable with linux experience with data preprocessing and data augmentation techniques. knowledge of software development practices and version control systems. excellent problem-solving and analytical skills. ability to work independently and in a team environment. good communication and collaboration skills."
aramcoservices,4c01a8b9893f9fe4,Generative AI Expert,Saudi Arabia,,30+ days ago,30.0,,['5+'],[],['master'],https://careers.aramco.com/expat_us/job/Generative-AI-Expert/853510523/,https://indeed.com/cmp/Aramcoservices,['python'],"['focus', 'innovation', 'analysis', 'commitment', 'passion', 'communication', 'responsible', 'coordination', 'decision making', 'discipline', 'organization', 'collaboration', 'professional', 'reliable', 'design', 'responsibility']","['machine learning', 'data analysis', 'deep learning', 'ml', 'nlp']","job req id: 13968 description: aramco energizes the world economy. aramco occupies a unique position in the global energy industry. we are the world's largest producer of hydrocarbons (oil and gas), with the lowest upstream carbon intensity of any major producer. with our significant investment in technology and infrastructure, we strive to maximize the value of the energy we produce for the world along with a commitment to enhance aramco’s value to society. headquartered in the kingdom of saudi arabia, and with offices around the world, we combine market discipline with a generations’ spanning view of the future, born of our nine decades experience as responsible stewards of the kingdom’s vast hydrocarbon resources. this responsibility has driven us to deliver significant societal and economic benefits to not just the kingdom, but also to a vast number of communities, economies, and countries that rely on the vital and reliable energy that we supply. we are one of the most profitable companies in the world, as well as amongst the top five global companies by market capitalization. overview aramco seeking a brilliant and results-driven generative ai expert to join the technology &amp; digital coordination team within its hr &amp; corporate services (hr&amp;cs) business, and shape the future of technology in corporate services sector. this critical role will be responsible for driving cutting-edge generative ai initiatives, tackling complex problems, and providing advice to decision makers in an advisor capacity. hr&amp;cs’ business is a diverse and manpower-intensive organization with 15,000+ employees. our suborganizations vary in nature, and include: human resources, training &amp; development, safety &amp; security, government affairs, public affairs, community services, transportation (marine, aviation, etc.), and medical services support. as our ai expert, you'll play a pivotal role in working with cross-functional teams to develop, implement and drive the hr&amp;cs ai strategy. key responsibilities define and implement the hr&amp;cs ai roadmap, identifying opportunities for ai integration across the business line. work across organizations on the ideation, scoping and implementation of the best suited generative ai solutions to addresses their needs. advise and support stakeholders, applying generative ai methodologies within their business to improve performance and enable data-driven decision making. design and develop solutions that use generative ai, built on machine learning (ml) and large language models (llm), tailored to business need. fine-tune generative ai models using the most efficient algorithms, focusing on delivering optimal outcomes. build teams to develop and support generative ai, and upskill them as needed. work effectively with engineers, data scientists, product managers, and other stakeholders. clearly explain complex technical concepts to both technical and non-technical audiences. continuously learn and stay current with the latest advancements in ai. minimum requirements master's degree in computer science, data science, machine learning, or a related field with a strong focus on artificial intelligence. 10+ year of work experience in digital technology field with at least 5+ years of experience in developing and deploying ai models. preferably acquiring generative ai professional certification, deep gen ai certification or equivalent. experience in designing and implementing generative ai models. highly qualified in programming ai related languages like python and other ai frameworks. highly understands deep learning architecture, machine learning, nlp and generative models. experience in dealing with data (data analysis, manipulation, processing and augmentation). excellent communication and collaboration skills. ability to translate technical concepts in non-technical, presentable format. passion for innovation and a desire to make a real-world impact with ai. working environment our high-performing employees are drawn by the challenging and rewarding professional, technical and industrial opportunities we offer, and are remunerated accordingly. at aramco, our people work on truly world-scale projects, supported by investment in capital and technology that is second to none. and because, as a global energy company, we are faced with addressing some of the world’s biggest technical, logistical and environmental challenges, we invest heavily in talent development. we have a proud history of educating and training our workforce over many decades. employees at all levels are encouraged to improve their sector-specific knowledge and competencies through our workforce development programs – one of the largest in the world. country/region: sa"
Lucidya,c36561c46dc00422,Technical Internship or Coop,Riyadh,Full-time,30+ days ago,30.0,,[],[],[],https://apply.workable.com/j/633F3466A6,https://indeed.com/cmp/Lucidya,[],['innovation'],"['big data', 'machine learning']","we are looking for interns or coop students to work on short term projects or contribute on developing existing features. as a technical intern, you will join a team of highly qualified team engineers to participate in the innovation and development of our product which uses machine learning &amp; big data technologies to analyze content from several data sources. you will work directly under the cto in an agile yet demanding environment. we expect you to be a fast learner to adapt those technologies mentioned above fast. even though this job doesn’t require experience, we look for very talented candidates with strong programming skills. lucidya offers a result-driven, fun, and dynamic environment full of challenges. this training opportunity is only for graduating students who are looking to satisfy their graduation requirements in the following technical fields: ui/ux front-end backend engine and database system administration artificial intelligence cybersecurity you can also suggest your own technical field if you believe it is important for lucidya!"
KAUST,a0a7b06b3b3b1e90,FACULTY POSITION IN BIO-DEVICES AND BIOINTERFACES FOR DIAGNOSTICS AND THERAPY,Thuwal,,30+ days ago,30.0,4.4,[],[],"['phd', 'graduate', 'master', 'ph.d']",https://apply.interfolio.com/140570,https://indeed.com/cmp/King-Abdullah-University-of-Science-and-Technology,[],"['focus', 'innovation', 'analysis', 'commitment', 'research', 'professional', 'curiosity']","['machine learning', 'deep learning']","faculty position in bio-devices and biointerfaces for diagnostics and therapy king abdullah university of science and technology: faculty positions: biological and environmental science and engineering division (faculty) location king abdullah university of science and technology (kaust), thuwal, saudi arabia open date feb 07, 2024 description the bioengineering (bioe) program in the biological and environmental science and engineering (bese) division at king abdullah university of science and technology (kaust) bridges the university’s strengths in engineering, chemistry and biology. the bioe program seeks faculty candidates (at the rank of assistant professor, although compelling candidates will be considered at higher ranks) with multi-disciplinary expertise and activities in the domain of: bio-devices and biointerfaces for diagnostics and therapy topics of focus include (but are not limited to): point of care biosensing, wearable and implanted systems, digital-assisted tools, and platforms for measuring biomolecular or physiological parameters (e.g., smartphone-based diagnostics) novel microscale or nanoscale technologies for biomolecular analysis (e.g., paper-based droplet systems) nanopore transport digital/droplet, analytical and reactor microfluidics organs on a chip for diagnostics and drug discovery methodology (machine learning, deep learning, and ai) for the analysis, biomarker discovery, and predictive models based on digital health data we seek candidates with a ph.d. in relevant areas of engineering and an outstanding research record with publications in the top-tier journals of their respective fields. the successful candidate is expected to establish research activities that contribute to the bioe program’s research mission to integrate engineering tools and solutions for challenges and opportunities in biology. the candidate should have a strong commitment to excellence in teaching at the graduate level (master's and phd levels). the candidate will teach in the bioe curriculum and is expected to contribute to the current list of core courses and electives. the successful candidate is also expected to provide professional service at the program, division, and university levels. while rooted in bioengineering, the candidate is expected to engage with the other programs across divisions at kaust, such as electrical engineering and computer science, and materials science and engineering, to advance technologies for medicine and health. candidates are expected to have a plan for attracting funding and consider how to integrate their research activities into the kingdom’s economic growth strategy. the program welcomes applications from all qualified individuals. we strongly encourage applications from members of all underrepresented groups. the position will remain open until filled. about kaust kaust is an international, graduate research university dedicated to advancing science and technology through interdisciplinary research, education, and innovation. kaust attracts top international faculty, scientists, engineers and students to conduct curiosity-driven and goal-oriented research to address the world’s most pressing scientific and technological challenges. located in saudi arabia, on the eastern shores of the red sea, kaust provides an award-winning campus to live, work, study and play, and offers superb research facilities, with guaranteed baseline research funding, infrastructure support, entrepreneurship opportunities and internationally competitive salaries. for more information about kaust, please visit http://www.kaust.edu.sa. more information about the bese division and the bioe program is available at http://bese.kaust.edu.sa and https://bioe.kaust.edu.sa. application instructions interested candidates should upload the following materials: a cover letter introducing your candidacy and explicitly stating both the position and the rank. the rank must be consistent with the candidate’s experience up-to-date curriculum vitae, including a full publication list statement of research interests (5 pages maximum) statement of teaching interests (2 pages maximum), including teaching philosophy and an outline of 1-2 graduate planned graduate teaching course(s) names and contact information of 4 to 5 referees. referees should have positions in academic or industrial research laboratories. in the case of associate and full professor applications, the referees should be of a rank higher or equivalent to that of the proposed appointment copies of most relevant publications (maximum of five) application process this institution is using interfolio's faculty search to conduct this search. applicants to this position receive a free dossier account and can send all application materials, including confidential letters of recommendation, free of charge."
Jadeer,1fe34d7b29bfa925,Machine Learning Engineer,Riyadh,,30+ days ago,30.0,,['3-5'],[],[],https://jobs.jadeer.ai/jobs/4639173-machine-learning-engineer,https://indeed.com/cmp/Jadeer,"['python', 'tensorflow', 'pytorch']","['innovation', 'problem-solving', 'accuracy', 'professional', 'analytical skills', 'design']","['feature engineering', 'machine learning', 'data pipelines', 'model deployment']","ready to build intelligent systems that can learn and adapt? become our next machine learning engineer! about our client: we are recruiting for a top-tier software company in ksa known for its innovation in artificial intelligence and machine learning. this company is dedicated to developing cutting-edge solutions that leverage machine learning to solve complex problems. the role: as a machine learning engineer, you will design, develop, and implement machine learning models and algorithms. you will work with large datasets to create predictive models and deploy them in production environments. what you'll do: design and implement machine learning models and algorithms work with large datasets to train and evaluate models develop and maintain data pipelines and infrastructure for model deployment collaborate with data scientists and engineers to integrate machine learning solutions monitor and improve model performance and accuracy stay updated on the latest advancements in machine learning what we're looking for: 3-5 years of experience in machine learning proficiency in programming languages (e.g., python, r) strong understanding of machine learning frameworks (e.g., tensorflow, pytorch) experience with data preprocessing and feature engineering excellent problem-solving and analytical skills benefits: competitive salary health insurance professional development opportunities flexible working hours exciting and innovative projects"
Islamic Development Bank,54b4fe34517ff007,Data Visualization &Analytics Specialist,Jeddah,,30+ days ago,30.0,4.2,[],[],['bachelor'],http://www.isdb.jobs/careers/isdb/VacancyDetail.aspx?PageID=2004&VacancyID=168955&ChannelID=2894,https://indeed.com/cmp/Islamic-Development-Bank,"['sas', 'cloud', 'python', 'tableau', 'azure', 'power bi', 'oracle', 'sap', 'sql']","['agility', 'communication skills', 'analysis', 'innovation', 'communication', 'responsible', 'team player', 'leadership', 'written communication', 'planning', 'organization', 'professional', 'initiative', 'analytical skills', 'design']","['statistical analysis', 'cloud', 'scripting', 'business intelligence', 'feature engineering', 'machine learning', 'data analysis', 'data warehousing', 'data mining', 'deep learning', 'devops', 'ml', 'data visualization', 'big data', 'data pipelines', 'nlp', 'mathematics', 'statistics']","job purpose the isdb internal audit department (iad) team is passionate about defining and executing iad activities that drive technology solutions fit for high-performing internal audit functions, implement data analytics (e.g., nlp, ml, rpa) and data visualization at scale; maintain an information technology systems environment consistent with the highest standards, explore emerging technology or continuous process improvements that enhance iad's operations, and advise iad leadership on the information technology and digital transformation (cost/benefit investment decisions and use cases) to achieve iad's strategy. the data visualization and analytics expert is responsible for providing analytical support to audit specialists, primarily in the execution of assurance and advisory services. he shall be experienced in analytics, data processing, modelling, cleansing, and data mapping. he will provide advanced data analytics through the use of technology scripting, development, configuration of programs, and integration of systems. also, contributes actively to the formulation of engagement strategies, approaches, and recommendations to improve efficiency, effectiveness, and internal controls. the data visualization and analytics expert will collaborate with senior audit staff and leaders to create insightful reports and dashboards that enable the successful execution of iad's digital transformation strategy. you will also help shape the future of the audit function by applying science, technology, and innovation to develop programs and activities in data mining, process mining, automation, and artificial intelligence. key accountabilities audit planning and execution contributes to the planning and execution of complex audits and advisory services through advanced data analytics. develop continuous audit programs (including scripts and algorithms) based on the automation of the projects already done on data mining and process mining. participate in the preparation of the yearly audit plan and collaborate with the audit team to plan and develop audit activities. contribute to implementing the audit plan by conducting relevant audit procedures for the required audit engagement. data management and access facilitate access to relevant data warehouses. effectively coordinate the communication of data requirements to stakeholders in and outside of iad for a cloud first-environment, with robust data pipelines, and fit-for-purpose artificial intelligence models. data visualization and reporting create data visualizations and analytical reports that promote understanding of key insights for a diverse range of audiences. process mining and ai implementation design, implement, run, and maintain process mining programs or activities using process mining software (e.g., celonis intelligent business cloud). introduce artificial intelligence adapted to internal audit in the internal audit department by starting to adopt innovative technologies such as: machine learning, deep learning and natural languages processing, and computer vision technologies. tools and software management manage and maintain iad's computer assisted audit tools software (teammate+, acl, celonis, signavio), websites (sharepoint), and dashboards (power-bi). knowledge sharing and capacity building share knowledge to contribute to increasing the auditors' use of data analytics. reporting and communication contribute to the preparation of a concise and informative audit report to effectively communicate the findings and recommendations to the relevant functions and senior management. relationship management develop and maintain effective and professional working relationships with all levels of staff within the organization, including senior management and audit committee of the board. special assignments and investigations assist in any special audit assignments or investigations mandated by the management. academic and professional qualifications bachelor's degree in information technology, data science, big data engineer/architect applied mathematics, economics, statistics, finance, or related field of study with a strong quantitative and computational background, preferably with advanced training. (mandatory) professional certification related to data science, artificial intelligence, machine learning, and business intelligence development (preferred) prior audit experience is preferred. minimum five years of experience, with at least two (2) years of relevant experience in data management and analysis. (mandatory) experience with database systems and data-warehousing, paired with demonstrated knowledge of leading data science practices, e.g., data acquisition, exploration, pipeline management, cleaning and feature engineering, modeling, and communicating results. (preferred) experience using algorithms (nlp and ml are key, deep learning is a bonus), and data analysis and visualization tools such as python and power bi, azure cognitive services, and power automate platform. (preferred) experience in finance, information technology, or related fields in financial institutions or large organizations. (preferred) familiarity with development banking operations and risk management, or similarly complex mission-driven global organizations would be an asset. (good to have) experience with microservices, devops, mlops, ux, design thinking, and digital transformation. (good to have) certification in azure data science, data engineering, or similar industry-recognized credentials. (good to have) analytical skills, ability to think strategically; rapidly analyze, interpret, and integrate data or innovative technology into actionable outcomes that communicate clear conclusions and recommendations. ability to simultaneously engage on multiple projects, anticipate and adjust to roadblocks, and deliver high-quality work with limited supervision. english proficiency, excellent oral and written communication skills, and the capacity to present data visualizations that translate complex information into actionable intelligence. maintaining a continuous improvement mindset, embracing agility, and being open to change. initiative-taker, as well as a team player with a proven ability to collaborate effectively with colleagues from a range of technical and non-technical roles to collaborate across organizational boundaries. skills &amp; knowledge it skills proficiency with data mining, mathematics, and statistical analysis, proficiency in applications for analytics, dashboards, reports, data warehousing, power apps, ai &amp; bi. experienced in analytics, bulk data processing, modeling, cleansing, and data mapping. experienced in power bi, msbi - ssis/ssas/ssrs, tableau, asp.net, azure, celonis. good knowledge related to databases (e.g. sql, oracle, sybase, teradata, etc.) experience in sap datawarehouse (bi/bw). knowledge of related programming languages (e.g., python, r, sql, and sas, etc.). experience with various models for machine learning and deep learning. experience in the use of computer assisted audit tools like acl/galvanize/diligent, teammate, etc. (preferred). proficiency in the use of standard software: microsoft windows and office, adobe, etc. other competencies strong organizational and analytical skills, attention to details, and ability to work independently and manage challenges. ability to collaborate with teams as a constructive team member. ability to share knowledge and develop strong working. relationships with colleagues and contribute to the creation of a positive team environment. sound judgment, fairness, and discretion. ability to develop rapport internally and externally in a multicultural environment. good oral and written communication skills."
DroneShield Limited,53a227f03e436d5a,Sales Manager – Middle East,Saudi Arabia,,30+ days ago,30.0,,['5-10'],[],[],https://ats.rippling.com/droneshield/jobs/5a6c5090-e0a4-43b2-a29f-175e89cb3e7d,https://indeed.com/cmp/Droneshield,[],"['motivated', 'focus', 'verbal communication', 'communication', 'research', 'planning', 'attention to detail']",['machine learning'],"work with cutting edge technology, making the world a safer and more secure place. droneshield (asx:dro) offers an opportunity to solve some of world’s most challenging technical problems in the electronic warfare, artificial intelligence and machine learning, rf sensing, sensor fusion and distributed systems. working with high profile customers across militaries, government agencies, airports, critical infrastructure, law enforcement and many others, in over 70 countries around the world. be part of a well-funded and agile organisation, as a valued member of an autonomous, cross-functional team. we have a flat organisational structure, and the best candidates will be both creative lateral thinkers and doers. our technical pursuits require us to take advantage of the absolute latest in technology and best practices to remain competitive. about the role droneshield is seeking a sales manager with relevant sales and business development experience to join its team in middle east. the position will report to sales director based in dubai. it represents an exceptional opportunity for a result-driven individual in a new niche but exploding global market for counterdrone security. the role will form an integral part of a small global sales team, supported by sales engineers and senior management of the business. sales channels include a mixture of direct to end-customer, distributor and integrator sales. the primary geographic focus will be either europe or middle east (depending on the role), however will also involve other locations as needed. as a role with a scale-up business in a nascent industry, while the position involves a substantial amount of planning and strategy work along with sales execution, the best candidate will be both a thinker and a doer - the job will involve a substantial amount responding to incoming leads, “grunt” work, alongside high-level sophisticated work and management of a number of channel partners. while no engineering or technical background is expected, the role will involve hands on work and learning of complex sensor and electronics systems. competitive compensation package will be offered for the role, including competitive base salary, attractive uncapped sales commission and stock options. travel required - 50% of the time (across middle east). responsibilities, duties and expectations create and prioritise strategic target account lists qualify all leads and understand the pain points of each customer perform research on potential customers and identify the key contacts qualify resellers and distributors prospect and qualify leads using a variety of sources work with the broader team to set meetings, conduct demos, and visit prospects maintain active engagement with new and existing leads through creative follow-up communications conduct high level conversations with counterparties in prospect accounts conduct demonstrations and installations of the droneshield systems provide input in writing product manuals and standard operating procedures assist in providing distributor and end customer training in product use help coordinate marketing events and attend when needed post social media posts on droneshield accounts generate quotes for resellers on qualified opportunities and follow up as required qualifications, experience and skills 5-10 years sales experience, ideally including c-uas track record of sales defence or security sector experience is a must the focus is on smaller system integrator experience, as opposed to large defence primes technical degree is well regarded, and in absence of it, need demonstrated track record of working with complex rf, radar or similar technologies proven track record of success ability to work autonomously and as part of a geographically distributed team excellent written/verbal communication motivated self-starter defence sector experience is well regarded, but not required technology sector experience is well regarded, but not required high degree of attention to detail creative lateral thinker note for recruitment agencies: we do not accept floated candidates from external recruiters unless they were instructed to do so."
PASQAL,97061ccc96a721c3,Quantum Technical Sales Engineer - Middle East / Saudi...,Thuwal,,30+ days ago,30.0,,['3+'],[],['phd'],https://careers.pasqal.com/jobs/4544689-quantum-technical-sales-engineer-middle-east-saudi-arabia,https://indeed.com/cmp/Pasqal,['python'],"['focus', 'communication skills', 'analysis', 'communication', 'professional', 'design']","['machine learning', 'metrics']","quantum technical sales engineer- middle east, saudi arabia based. full time. fluent english and arabic required. pasqal designs and develops quantum processing units and dedicated software tools. these innovative processors address applications which are out of the reach of the most powerful existing supercomputers, encompassing real-world challenges as well as fundamental science. as they are very low energy intensive, they will significantly contribute to reduce the carbon footprint of the computing industry. pasqal has partnerships with key users in the fields of energy, it, finance, drug and chemical design, automotive. the maturity and potential of our technology and the quality of our scientific team has been rewarded several times at french, european and global levels. we are building a middle east / saudi arabia based team of quantum enthusiasts dedicated to promoting pasqal’s technology and educating the market on the power of neutral atom quantum computing. due to growth in this region, we are seeking a senior quantum technical sales engineer to support the middle east. this person will be based in saudi arabia with most travel expected in this location. travel to other locations in the middle east and internationally few times a year will also be expected. as a quantum technical sales engineer, you will be educating existing and potential customers on pasqal’s unique portfolio of products and services. you will help to grow our commercial reach in the middle east / saudi arabia market and build new revenue streams. you will be our technical translator, interfacing with customers from many relevant industry verticals. as part of our global commercial team, you will be contributing to pasqal’s mission of unlocking the potential of quantum computing which will enable end-users to accelerate their applications. tasks: be the technical, quantum, neutral atom subject matter expert on the sales team supporting both technical and non-technical audiences communicate pasqal’s unique value to both technical and non-technical audiences creating awareness for and interest in pasqal’s technology, products and services analyze the market and prospect for new potential customers in relevant industry verticals in the middle east (with particular focus on saudi arabia) use your excellent english and arabic communication skills to cultivate strong relationships with customers, from first contact until you close the deal ensure proper after-sales service collaborate closely with the rest of the global commercial team to convert interest into more concrete commercial leads/customers. participate in relevant conferences in the middle east to meet target customers and animate pasqal’s booth. collaborate with our product and r&amp;d team to build a deep understanding of our product and services collaborate with the marketing team to create and update marketing materials for the middle east / saudi arabian markets. report to the local sales manager on (weekly/monthly/quarterly) sales results stay up to date with new products/services and new pricing/payment plans customize product solutions to increase customer satisfaction about you masters or phd in relevant field of study (physics, computer science, laser or optical engineering, machine learning, optimization, etc.) solid knowledge of the basic principles of quantum physics and quantum computing bilingual arabic and english required: a perfect professional command is essential (written and oral). 3+ years of relevant work experience (private sector) in a technical sales role external customer facing experience including executive level and c-suite. ability to creatively explain and present complex concepts in an easy-to-understand manner to technical and non-technical audiences experience in market analysis team spirit, ambitious, organized, pro-active, creative, self-driven able and willing to wear many hats in a fast-paced and constantly changing start-up environment experience working in a startup environment understanding of sales performance metrics ability to travel internationally on occasion (few times a year max). expected travel in middle east (mostly saudi arabia): up to 60% lives close to a major airport and has valid license to drive a car nice to have: ability to read and write code (python, scikit) quantum computing experience ability to speak and/or write in french machine learning, optimization experience laser or optical engineering experience / knowledge experience with salesforce / crm what we offer a flexible rhythm of remote work from saudi arabia type of contract : full time, direct hire a dynamic and close-knit international team a key role in a growing start-up free time to train and go to conferences / meetups recruitment process a 30 minute interview with our talent acquisition specialist. an interview with our vp of sales a meeting with the team an offer! pasqal is an equal opportunity employer. we are committed to creating a diverse and inclusive workplace, as inclusion and diversity are essential to achieving our mission. we encourage applications from all qualified candidates, regardless of gender, ethnicity, age, religion or sexual orientation. right to work in saudi arabia without sponsorship is preferred. no 3rd party recruiters"
webook.com,c6d6d4ddfa8f68cd,Data Engineer,Riyadh,Full-time,30+ days ago,30.0,,['5-6'],[],[],https://www.careers-page.com/supertech-2/job/L5398R33?utm_medium=free_job_board&utm_source=indeed,https://indeed.com/cmp/Webook.com,"['cloud', 'python', 'tableau', 'aws', 'java', 'mongodb', 'sql']","['agility', 'passion', 'project management', 'communication', 'problem-solving', 'presentation skills', 'planning', 'organization', 'design', 'integrity']","['cloud', 'data governance', 'business intelligence', 'data integration', 'extract', 'machine learning', 'cloud computing', 'data modeling', 'project management', 'data ingestion', 'monitoring', 'data visualization', 'transform', 'devops', 'etl', 'problem-solving skills', 'google cloud']","do you want to love what you do at work? do you want to make a difference, an impact, transform peoples lives? do you want to work with a team that believes in disrupting the normal, boring, and average? if yes, then this is the job youre looking for ,webook.com is saudis #1 private event ticketing and experience booking platforms in terms of technology, features, agility, revenue serving some of the largest mega events in the kingdom surpassing half a billion in sales. webook.com is part of the supertech group also consisting of uxbert labs, one of the best digital and user experience design agencies in the gcc, along with kafu games, the largest esports tournament platform in mena. key responsibilities: data integration and etl development architect and implement robust data integration pipelines to extract, transform, and load data from various sources (e.g., databases, saas applications, apis, and flat files) into a centralized data platform. design and develop complex etl (extract, transform, load) processes to ensure data quality, consistency, and reliability. optimize data transformation workflows to improve performance and scalability. data infrastructure and platform management: implement and maintain data ingestion, processing, and storage solutions to support the organization's data and analytics requirements. ensure the reliability, security, and availability of the data infrastructure through effective monitoring, troubleshooting, and disaster recovery planning. data governance and metadata management: collaborate with the data governance team to establish data policies, standards, and procedures. develop and maintain a comprehensive metadata management system to ensure data lineage, provenance, and traceability. implement data quality control measures and data validation processes to ensure the integrity and reliability of the data. qualifications: 5-6 years of experience as a data engineer or a related role in a data-driven organization. proficient in designing and implementing data integration and etl pipelines using tools such as apache airflow, airbyte, or any cloud-based data integration services. strong experience in setting up and managing data infrastructure, including data lakes, data warehouses, and real-time streaming platforms (e.g. elastic , google bigquery, mongodb). expertise in data modeling, data quality management, and metadata management. proficient in programming languages such as python, or java, and experience with sql. familiarity with cloud computing platforms (e.g., aws,google cloud) and devops practices. excellent problem-solving skills and the ability to work collaboratively with cross-functional teams. strong communication and presentation skills to effectively translate technical concepts to business stakeholders. preferred qualifications: familiarity with data visualization and business intelligence tools (e.g., tableau, qlik.etc). knowledge of machine learning and artificial intelligence concepts and their application in data-driven initiatives. project management experience and the ability to lead data integration and infrastructure initiatives. if you are a seasoned data engineer with a passion for building scalable and robust data integration solutions, we encourage you to apply for this exciting opportunity."
Arabic Computer Systems,e1337d48be917b54,AI Engineer,Riyadh,,,,,,,,,,,,,
Chemdelves,800e1d1426699a4d,Computer Vision Engineer,Saudi Arabia,,,,,,,,,,,,,
Cundall,b5a7a7576b028719,Graduate Structural Engineer,Riyadh,,,,,,,,,,,,,
KAUST,6a005bf189733340,FACULTY POSITION IN BIOLOGY BY DESIGN (BIOTECH METABOLIC ENGINEERING) AND ENGINEERING BIOLOGY,Thuwal,,,,,,,,,,,,,
KAUST,56408afbd09b8775,FACULTY POSITION IN COMPUTATIONAL METHODS FOR BIOENGINEERING,Thuwal,,,,,,,,,,,,,
S&P Global,d8d0a123f8161f6d,Engineering Solutions Technical Advisor,Riyadh,,,,,,,,,,,,,
SAP,3e84df4294876fb3,SAP Young Professionals Program KSA 2024,Riyadh,,,,,,,,,,,,,
Salla,fe8f23e822728e1c,Machine Learning Ops Engineer,Jeddah,,,,,,,,,,,,,
Varian Medical Systems,5a89f7478f48b8ea,Hardware Field Service Engineer,Saudi Arabia,,,,,,,,,,,,,
webook.com,1ee26161fe8743b5,Machine Learning Engineer,Riyadh,,,,,,,,,,,,,
